ingredient,frequency
salt,390494
sugar,275188
water,268179
sel,181415
eau,146705
sucre,145414
citric acid,107127
dextrose,97484
wheat flour,70707
niacin,69293
milk,63561
riboflavin,61736
soy lecithin,59037
natural flavor,56947
spices,52699
folic acid,51980
corn syrup,51917
zucker,49980
sea salt,49574
maltodextrin,48106
enzymes,43701
xanthan gum,41081
soybean oil,39355
natural flavors,39114
reduced iron,39033
wasser,38741
lait,37916
cocoa butter,36508
undefined,36262
palm oil,34245
garlic,33665
speisesalz,33342
thiamine mononitrate,32916
yeast,32465
garlic powder,30787
ascorbic acid,30522
preservative,30521
huile de tournesol,30229
corn starch,30219
farine de bl,29740
vegetable oil,29739
cream,29269
onion powder,29046
sirop de glucose,28359
sal,27923
whey,27860
sunflower oil,27685
vinegar,27589
guar gum,27338
paprika,27094
huile de colza,26309
yeast extract,26280
iron,26250
beurre de cacao,25778
high fructose corn syrup,25520
canola oil,25289
color,25207
soja,24651
aroma,22773
baking soda,22563
modified corn starch,22481
pices,22134
thiamin mononitrate,22041
potassium sorbate,21728
sodium bicarbonate,21631
onion,21576
butter,21505
caramel color,21494
lactose,21374
emulsifier,21220
ail,21115
lactic acid,20962
zout,19907
armes,19861
pte de cacao,19770
azcar,19752
arme,19654
salz,19563
carrageenan,19208
cane sugar,19206
sodium citrate,18922
arme naturel,18577
cheese cultures,18567
gluten,18533
levure,18422
sucralose,17676
gewrze,17660
wheat,17523
calcium carbonate,17487
rice flour,17477
vitamin c,17472
honey,17409
agua,17362
modified food starch,17274
cheese culture,17220
malted barley flour,17122
armes naturels,16954
tomato paste,16436
glucose syrup,16365
brown sugar,16251
spice,15998
rapeseed oil,15658
sodium phosphate,15479
natural and artificial flavors,15440
palm,15324
artificial flavor,15189
sale,15138
almonds,15096
black pepper,14975
red,14746
distilled vinegar,14654
molasses,14654
vitamin a palmitate,14624
potato starch,14602
pasteurized milk,14589
suiker,14532
eggs,14219
sodium benzoate,14137
peanuts,14115
leavening,13887
monocalcium phosphate,13823
skim milk,13770
malic acid,13598
cocoa,13582
cornstarch,13426
pectin,13404
yellow,13273
coconut oil,13209
poivre,12998
natural and artificial flavor,12968
wheat gluten,12946
filtered water,12776
weizenmehl,12618
glycerin,12581
nonfat milk,12573
turmeric,12521
onions,12424
cellulose gum,12415
corn,12336
beurre,12303
rapsl,12296
vinaigre dalcool,12279
pork,11983
sodium acid pyrophosphate,11881
oignons,11659
vitamin b,11437
cinnamon,11332
niacinamide,11330
thiamin,11329
monosodium glutamate,11296
oignon,11270
mulsifiant,11118
calcium chloride,11056
maltodextrine,11040
emulgator,10905
cocoa mass,10865
lait crm en poudre,10832
zucchero,10830
cocoa powder,10740
tapioca starch,10697
carbonated water,10691
tomatoes,10670
whey powder,10644
acide citrique,10641
gelatin,10620
acidity regulator,10616
glukosesirup,10500
enriched wheat flour,10486
blue,10441
locust bean gum,10384
pyridoxine hydrochloride,10350
chocolate liquor,10296
antioxidant,10205
mono and diglycerides,10096
corn syrup solids,10083
flavouring,10079
parsley,10043
kakaobutter,10035
potatoes,9959
enriched flour,9932
sonnenblumenl,9912
acidifiant acide citrique,9897
sorbitol,9743
ferments lactiques,9723
soy,9545
nonfat dry milk,9447
beef,9391
palme,9390
arme naturel de vanille,9372
fructose,9365
sunflower lecithin,9353
kakaomasse,9329
acqua,9261
wheat starch,9250
calcium sulfate,9180
chocolate,9165
colour,8859
carrots,8779
potassium chloride,8699
natrliches aroma,8691
for color,8676
whey protein concentrate,8629
gum arabic,8629
sirop de glucosefructose,8582
sodium nitrite,8559
processed with alkali,8538
amidon de mas,8535
lemon juice concentrate,8532
organic cane sugar,8501
colza,8498
carnauba wax,8495
vinaigre,8487
moutarde,8480
titanium dioxide,8448
preservatives,8369
whole milk powder,8307
crme,8293
persil,8285
ferrous sulfate,8276
glucose,8170
flavourings,8117
ginger,8110
coconut,8099
vanilla extract,8082
soybeans,8046
origine france,8002
cumin,7999
celery,7967
oregano,7962
sodium erythorbate,7957
olive oil,7749
vanilla,7730
sunflower,7710
annatto,7638
modifizierte strke,7635
palm kernel oil,7572
dehydrated garlic,7550
branntweinessig,7507
calcium propionate,7503
meersalz,7496
rice,7424
tournesol,7390
buttermilk,7387
cheddar cheese,7270
flour,7243
melk,7073
colorant,7034
soybean,6997
tomato puree,6978
silicon dioxide,6972
lemon juice,6880
farine de riz,6811
strke,6780
paprika extract,6734
cleri,6718
protines de lait,6714
extra virgin olive oil,6653
emulsifiers,6632
basil,6576
extrait de levure,6574
egg,6527
baking powder,6518
polysorbate,6503
hefe,6497
amidon,6457
seasoning,6450
raisins,6391
carrot,6362
acesulfame potassium,6321
soy flour,6314
curcuma,6299
cocoa processed with alkali,6273
zwiebeln,6260
vitamin e,6235
amidon modifi,6226
sel de cuisine,6226
skimmed milk powder,6203
tomato powder,6179
viande de porc,6155
lait entier en poudre,6140
trinkwasser,6124
milk chocolate,6097
huile de palme,6085
sodium stearoyl lactylate,6072
sukker,6031
modified cornstarch,6031
monoglycerides,6027
whole wheat flour,5984
dried garlic,5979
invert sugar,5966
egg whites,5952
cashews,5926
sodium aluminum phosphate,5924
sucre de canne,5891
carottes,5856
natural flavour,5821
gluten de bl,5781
sodium diacetate,5764
vanillin,5750
corn flour,5748
dehydrated onion,5747
vitamin d,5745
sodium caseinate,5741
sorbic acid,5740
cultures,5730
knoblauch,5720
cacao maigre en poudre,5703
sodium ascorbate,5681
bleached wheat flour,5670
caramel,5666
huiles vgtales,5665
milch,5665
soy sauce,5612
carotte,5593
disodium phosphate,5581
margarine,5558
milk fat,5536
farine de ble,5535
cornflour,5527
canola,5520
potassium citrate,5513
beta carotene,5512
carob bean gum,5503
disodium inosinate,5469
unsweetened chocolate,5449
plantes aromatiques,5433
suerungsmittel citronensure,5419
sodium phosphates,5405
acidifiant,5399
vollmilchpulver,5385
vann,5365
bht,5347
harina de trigo,5346
specerijen,5321
fcule de pomme de terre,5310
artificial color,5261
magermilchpulver,5242
flavoring,5219
jus de citron concentr,5201
vegetable oils,5161
aromas,5155
dried onion,5152
lcithine de soja,5112
ferments,5107
graines de moutarde,5102
tomate,5087
stabilisator,5057
soya lecithin,5054
milkfat,5028
miel,5010
cranberries,4991
cukier,4839
huile dolive vierge extra,4818
soy protein isolate,4805
sel marin,4804
citronensure,4791
egg yolks,4787
aromen,4779
inulin,4771
sesame seeds,4769
amidon de bl,4710
conservateur,4710
dipotassium phosphate,4707
zinc oxide,4691
phosphoric acid,4676
parmesan cheese,4663
acar,4658
poudre de lait crm,4649
tarwebloem,4645
sirop de sucre inverti,4621
natural flavouring,4609
from milk,4606
thickener,4577
cyanocobalamin,4575
cido ctrico,4572
enbrandscompleted,4572
disodium guanylate,4571
red lake,4555
lactosrum en poudre,4552
corn oil,4542
poisson,4539
raising agents,4524
artificial flavors,4522
dextrin,4518
tomato,4516
amidon modifi de mas,4516
france,4510
jus de citron,4503
aspartame,4502
spirit vinegar,4471
shea,4469
oeufs,4464
poudre lever,4441
whole milk,4433
basilic,4429
ufs,4422
aceite de girasol,4422
gewrzextrakte,4420
soya,4406
mustard seed,4374
coriander,4370
humectant,4344
food starchmodified,4309
acetic acid,4302
thym,4295
an emulsifier,4282
mustard,4277
prsure,4274
datem,4273
huile vgtale,4250
antioxydant,4238
propylene glycol,4237
natuurlijk aroma,4236
aqua,4233
pecans,4232
lecithin,4226
tricalcium phosphate,4222
biotin,4218
red pepper,4215
confectioners glaze,4212
aromi,4203
maltitol,4200
natural flavoring,4193
mais,4181
autolyzed yeast extract,4178
cottonseed,4177
fumaric acid,4173
enproductnamecompleted,4164
apple juice concentrate,4135
huile dolive,4106
sulfites,4103
enfrontphotoselected,4100
emulgator lecithine,4087
strawberries,4082
cilantro,4065
ammonium bicarbonate,4063
barley malt extract,4046
encharacteristicstobecompleted,4036
mulsifiants,4030
jalapeno peppers,4023
suerungsmittel,4011
spinach,4009
mas,3994
stabiliser,3982
chili,3976
yellow lake,3975
rapeseed,3962
rice starch,3960
coriandre,3948
crustacs,3937
orange,3936
ennutritionfactscompleted,3924
oeuf,3923
woda,3905
vegetable shortening,3878
calcium disodium edta,3877
enzyme,3865
beurre concentr,3853
glukosefruktosesirup,3850
apple,3846
sodium alginate,3845
calcium phosphate,3844
enoriginstobecompleted,3842
flavorings,3840
acid,3838
apples,3837
jodiertes speisesalz,3827
white pepper,3820
chicken fat,3804
amandes,3793
sweetener,3784
thiamine,3775
starch,3768
pepper,3744
tomates,3739
mulsifiant lcithines,3737
fruits coque,3725
kruter,3722
milk protein concentrate,3719
pea protein,3673
sugars,3673
noisettes,3669
semoule de bl dur,3668
chapelure,3667
to preserve freshness,3666
encategoriescompleted,3646
vin blanc,3643
mixed tocopherols,3633
paississant,3625
tomato juice,3624
correcteur dacidit,3613
enquantitycompleted,3592
organic sugar,3583
egg yolk,3565
garlic pure,3558
alcohol,3557
color added,3550
sunflower seeds,3537
stabilisant,3533
peanut oil,3525
whey protein isolate,3524
poudre de lait entier,3519
maize starch,3517
bha,3502
enphotostobevalidated,3494
milk solids,3482
poudres lever,3469
sel de mer,3467
zonnebloemolie,3467
carbonates de sodium,3465
modified starch,3456
pineapple,3453
sodium chloride,3446
origan,3438
enpackagingphototobeselected,3434
hydrolyzed soy protein,3428
vitamin a,3420
glucosestroop,3415
stabilisants,3408
annatto extract,3404
riz,3394
caffeine,3393
glycerol,3386
gingembre,3385
parfum,3380
enexpirationdatetobecompleted,3374
apple cider vinegar,3373
antioxydant acide ascorbique,3368
palmfett,3363
gua,3363
eningredientscompleted,3362
durum wheat semolina,3347
emulgente,3343
nutmeg,3324
dark chocolate,3313
dont lait,3311
hazelnuts,3309
schweinefleisch,3302
manteca de cacao,3299
kaliumjodat,3294
oats,3264
mulsifiant lcithine de soja,3264
lecithine,3258
gellan gum,3257
natural smoke flavor,3253
verdickungsmittel,3242
glucosefructose syrup,3232
antioxidante,3230
modified maize starch,3225
lait crm,3211
chicken,3205
acidity regulators,3201
acide ascorbique,3186
potato,3184
mono diglycerides,3184
leche,3184
kurkuma,3177
stabilizer,3152
fish,3148
palml,3146
calcium,3144
mollusques,3140
artificial colors,3136
guarkernmehl,3134
yellow corn flour,3131
gomme guar,3122
lait entier,3109
a preservative,3105
pommes de terre,3103
palmiste,3101
erythritol,3094
lactic acid starter culture,3094
peanut butter,3085
quot,3072
vatten,3064
thyme,3063
whole eggs,3062
piment,3053
cultured milk,3046
conservateur nitrite de sodium,3045
wheat bran,3042
colours,3041
diphosphates,3032
gomme xanthane,3021
chili pepper,3015
xanthan,3013
rosemary extract,3007
socker,2997
reismehl,2995
eningredientsphotoselected,2994
maisstrke,2984
maltodextrina,2981
potassium benzoate,2977
citron,2970
tarwe,2966
extrait de malt dorge,2964
poissons,2962
butterreinfett,2954
gum acacia,2953
barley,2947
dextrosa,2942
blueberries,2933
skim milk powder,2920
cultured pasteurized milk,2920
voedingszuur,2916
gelatine,2912
emulsionante,2905
aceite vegetal,2896
broccoli,2883
latte,2883
poivre noir,2877
kartoffelstrke,2876
mango,2872
olio di semi di girasole,2869
jambon de porc,2867
amidon de pomme de terre,2865
calcium pantothenate,2863
modified tapioca starch,2862
ennutritionphotoselected,2854
gras de porc,2850
kohlensure,2848
cannelle,2840
blue lake,2839
cacao en poudre,2837
concentrated lemon juice,2835
colorante,2827
to maintain freshness,2818
colorants,2817
chicken broth,2812
raps,2797
sesame oil,2797
contient lait,2794
konservierungsstoff natriumnitrit,2787
walnuts,2783
natamycin,2782
antioxydant ascorbate de sodium,2780
amidon de riz,2780
koriander,2771
ail en poudre,2764
glycerine,2762
natrliche aromen,2759
vegetable fat,2747
sal yodada,2741
saccharose,2737
kokos,2733
petersilie,2733
palm kernel,2728
cayenne pepper,2722
to protect flavor,2721
tartaric acid,2717
cacao,2716
soy protein concentrate,2704
voda,2697
especias,2695
levadura,2688
zitronensaftkonzentrat,2680
conserveermiddel,2680
pectine,2678
enriched bleached flour,2674
jarabe de glucosa,2670
flavour,2668
poivre blanc,2667
sweeteners,2665
purified water,2665
stabilisers,2660
azijn,2655
cellulose,2654
pomme,2654
vital wheat gluten,2649
riboflavin vitamin b,2649
agar,2648
modified potato starch,2648
acesulfame k,2647
flavor,2645
vesi,2645
stevia leaf extract,2638
calcium lactate,2634
graines de ssame,2631
enpackagingtobecompleted,2628
gistextract,2619
mustard flour,2614
tapioca syrup,2608
cebolla,2601
coco,2589
graisse de palme,2586
invertzuckersirup,2582
weizenstrke,2581
torula yeast,2568
taurine,2566
niacine,2564
betacarotene,2554
lime juice,2554
sodium lactate,2553
pices et plantes aromatiques,2553
acidulante,2552
ananas,2549
sodium tripolyphosphate,2539
extractives of paprika,2537
polydextrose,2533
tocopherols,2526
glatine,2525
natural flavorings,2521
unbleached enriched flour,2506
sesame,2502
palma,2500
partially hydrogenated soybean oil,2499
cellulose gel,2493
potassium lactate,2490
natural flavours,2485
backtriebmittel,2470
pomme de terre,2458
invert sugar syrup,2449
pasta de cacao,2445
suola,2441
raising agent,2438
tapioca dextrin,2437
including cereals containing gluten,2434
oat fiber,2431
pasteurized partskim milk,2429
natural flavourings,2426
kleurstof,2425
cream cheese,2422
hefeextrakt,2416
tbhq,2415
peas,2410
organic sunflower oil,2407
sorbitan monostearate,2406
muscade,2406
crme frache,2385
natural vanilla flavor,2384
enpackagingcodetobecompleted,2384
corn maltodextrin,2383
brown rice syrup,2359
milk powder,2354
enpackagingcodecompleted,2352
citroenzuur,2349
semolina,2347
natural artificial flavors,2346
pumpkin seeds,2343
farina di frumento,2342
hydrogenated palm kernel oil,2340
antioxidationsmittel ascorbinsure,2339
salmo salar,2335
potato flour,2334
pfeffer,2326
cukr,2323
hydrolyzed corn protein,2315
ssame,2313
shrimp,2313
popcorn,2311
graisses vgtales,2302
lemon,2297
palm fat,2297
suisse,2293
enriched bleached wheat flour,2288
brands completed,2286
sureregulator,2285
lecitina de soja,2284
dough conditioner,2283
sucrose,2282
sorbate de potassium,2280
mandeln,2279
knoflook,2278
smolkenpulver,2274
poireau,2273
vitamins,2273
rosemary,2270
niacina,2269
sel de cuisine iod,2269
conservateur sorbate de potassium,2267
red bell pepper,2261
lactosrum,2260
carbonate acide de sodium,2260
origine ue,2257
vegetable glycerin,2254
estabilizantes,2254
dates,2253
farbstoff,2248
malt dorge,2247
sel de gurande,2247
farine de froment,2245
amidon transform de mas,2243
powdered cellulose,2243
zinc,2242
chalote,2241
brown rice flour,2238
weizen,2235
contains or less of salt,2228
paississant gomme xanthane,2226
rolled oats,2221
estabilizante,2208
carraghnanes,2207
herbs,2204
vegetable fats,2202
granulated garlic,2202
rennet,2199
kochsalz,2199
cholecalciferol,2198
alcool,2198
red bell peppers,2198
emulgatoren,2196
laurier,2193
sokeri,2193
peanut,2184
extraits dpices,2178
whole grain oats,2174
sour cream,2174
iodized salt,2168
organic wheat flour,2168
correcteur dacidit acide citrique,2168
antioxidationsmittel,2165
mayonnaise,2161
malt,2154
bacterial culture,2153
conservador,2149
white wine vinegar,2148
corn meal,2145
l bulgaricus,2144
colors,2142
cottonseed oil,2137
farine de graines de caroube,2135
cherries,2133
oignon en poudre,2127
vitamines,2127
anticaking agent,2123
gist,2123
mozzarella cheese,2122
milk protein,2119
de lait,2116
senf,2115
green beans,2114
konserveringsmiddel,2110
enpackagingcompleted,2108
bicarbonate de sodium,2101
cucumbers,2101
magnesium oxide,2094
egg white,2094
extrait de paprika,2090
unbleached wheat flour,2085
product name completed,2082
chili powder,2079
concentr de tomate,2070
spirulina,2068
buttermilk powder,2063
paississants,2060
pflanzliche le,2059
limonene,2058
natuurlijke aromas,2058
whole grain rolled oats,2055
ferric orthophosphate,2050
front photo selected,2050
quinoa,2048
olives,2048
sauce,2046
sellerie,2045
concentr de tomates,2042
amidon modifi de pomme de terre,2041
ciboulette,2040
johannisbrotkernmehl,2038
contient alcool,2037
annatto color,2036
contains milk,2035
aardappelzetmeel,2034
enphotosuploaded entobecompleted,2034
enphotosuploaded to be completed,2034
lcithine de tournesol,2033
burro di cacao,2032
xylitol,2024
arome,2024
natriumcarbonate,2021
riboflavina,2018
romano cheese,2018
characteristics to be completed,2018
pasteurized cream,2016
organic garlic,2008
karotten,2006
raapzaadolie,1998
sciroppo di glucosio,1997
tapioca,1990
romarin,1986
sahne,1985
coffee,1983
ajo,1977
fruit pectin,1972
chilli powder,1972
eau gazifie,1971
destrosio,1971
sodium hydroxide,1970
sodium hexametaphosphate,1969
brown rice,1966
roasted peanuts,1964
nutrition facts completed,1962
stabilisatoren,1961
methylcellulose,1960
mulsifiant mono et diglycrides dacides gras,1960
sodium carbonates,1956
sodium propionate,1955
milk protein isolate,1953
rice vinegar,1952
dough conditioners,1951
soy lecithin an emulsifier,1949
carbonate de calcium,1944
potassium iodide,1940
aromi naturali,1933
acacia gum,1932
mushrooms,1930
culture,1923
vinaigre de vin,1921
origins to be completed,1921
lecitina de soya,1918
strawberry,1916
azucar,1916
flavours,1916
peaches,1911
l acidophilus,1910
chocolate chips,1903
stabilizers,1903
fettarmes kakaopulver,1902
rapsolje,1901
orge,1897
cloves,1897
soluble corn fiber,1895
tamarind,1894
magnesium stearate,1890
kokosfett,1889
red peppers,1889
graisse vgtale,1886
gerstenmalzextrakt,1881
molkenerzeugnis,1876
white wine,1875
poudre de cacao,1874
malt extract,1868
thiamin hydrochloride,1867
whole grain wheat,1864
butter oil,1862
chickpeas,1861
oleoresin of paprika,1857
inositol,1855
high oleic sunflower oil,1854
lime juice concentrate,1853
zuursel,1848
protein blend,1846
expeller pressed canola oil,1846
kaliumsorbat,1845
mono and diglycerides of fatty acids,1842
linalool,1842
kruiden,1842
acidity regulator citric acid,1840
s thermophilus,1840
acide lactique,1838
almidn modificado,1838
oil,1837
soy lecithin emulsifier,1837
zuurteregelaar,1836
red wine vinegar,1835
tomatenmark,1832
farine de mas,1830
moutarde de dijon,1830
garlic puree,1826
noix de coco,1825
conservante,1824
tapioca flour,1823
categories completed,1823
pure cane sugar,1817
extrait de vanille,1808
chicken breast,1800
karamellzuckersirup,1799
chilli,1799
mechanically separated chicken,1798
quantity completed,1796
millet,1795
jedl sl,1794
acide malique,1790
acesulfam k,1784
shortening,1779
antioxidationsmittel natriumascorbat,1778
pantothenic acid,1773
tree nuts,1773
white vinegar,1771
curcumin,1764
tocopherol,1759
verdickungsmittel guarkernmehl,1759
shellac,1755
sare,1754
dehydrated onions,1753
riboflavine,1752
gelling agent,1749
photos to be validated,1747
cido flico,1746
phenoxyethanol,1744
spice extractives,1744
mono und diglyceride von speisefettsuren,1742
sonnenblume,1737
pflanzliche fette,1736
maize,1736
maple syrup,1736
enriched wheat flour wheat flour,1736
tomato pure,1733
huile de coco,1732
amidon de tapioca,1729
zwiebel,1729
fortified wheat flour,1724
barley malt,1724
cured with water,1722
surhetsregulerende middel,1721
conservateurs,1719
pasteurized milk and cream,1718
packaging photo to be selected,1717
fragrance,1711
zonnebloem,1711
acidifiants,1709
lactose et protines de lait,1709
sungsmittel,1708
cabbage,1706
krydder,1703
lait en poudre,1702
fat reduced cocoa powder,1701
sodium metabisulfite,1700
acide folique,1697
dried cranberries,1697
cacaoboter,1697
hydrogenated vegetable oil,1696
verdikkingsmiddel,1696
cultured dextrose,1693
thiamin mononitrate vitamin b,1693
chicory root fiber,1692
unsalted butter,1690
milchzucker,1688
expiration date to be completed,1687
zetmeel,1684
lait de vache pasteuris,1683
diphosphate,1682
ingredients completed,1681
lcithines,1679
fcule de manioc,1675
amidon de mais,1673
sucralosa,1672
heavy cream,1672
haselnsse,1672
soia,1671
citrate de sodium,1670
coprah,1669
almidn de maz,1667
tomaten,1666
dill,1664
chicken stock,1656
thickeners,1652
ammonium sulfate,1640
safflower,1640
vanille,1640
nuts,1638
sodium carbonate,1637
turmeric extract,1633
bouillon,1633
fer,1631
dicalcium phosphate,1631
sorbato de potasio,1631
soy protein,1630
raspberries,1626
hierro,1624
laktose,1621
organic spices,1621
microcrystalline cellulose,1620
sweetened condensed milk,1620
fdc yellow,1620
vanilline,1619
zwiebelpulver,1618
bicarbonato de sodio,1613
regulador de acidez,1613
black beans,1610
monoand diglycerides,1610
lemon oil,1604
cukor,1601
tomato concentrate,1597
sulphites,1595
lgumes,1592
jus concentr de citron,1589
sodium benzoate and potassium sorbate,1587
pitn voda,1582
traubenzucker,1581
jaune doeuf,1579
organic honey,1578
huevo,1576
cardamom,1576
cultured wheat flour,1576
coconut milk,1574
rye flour,1574
zimt,1570
acid citric acid,1568
gum base,1568
arachides,1565
gemodificeerd maszetmeel,1564
eer,1561
glifiant,1558
nitrite de sodium,1558
smoked paprika,1552
speck,1549
flavors,1548
bacon,1547
natural colour,1547
oat flour,1544
rauch,1537
orange juice concentrate,1537
honig,1536
orange peel,1535
natural artificial flavor,1535
fdc red,1535
malted barley,1533
pice,1532
antioxidants,1531
cheese,1530
noix,1528
arme de fume,1526
fruit,1525
gelatina,1521
karit,1521
a natural mold inhibitor,1521
calcium caseinate,1520
tiamina,1520
cacao maigre,1519
monk fruit extract,1518
vegetable juice,1514
flavour enhancer,1512
dehydrated parsley,1512
vegetable color,1509
grasa vegetal,1509
modified milk ingredients,1507
pasta di cacao,1505
gemodificeerd zetmeel,1505
milcheiwei,1504
cauliflower,1504
acido citrico,1499
vitamine c,1498
ingredients photo selected,1497
de soja,1495
gluten de ble,1491
enriched flour wheat flour,1491
leche desnatada en polvo,1488
edulcorante,1487
olej rzepakowy,1483
goma xantana,1480
ins,1480
diced tomatoes,1478
fromage,1477
jaune duf,1477
carrageen,1476
cassis,1473
thiamine hydrochloride,1467
ascorbinsure,1467
disodium inosinate and disodium guanylate,1467
butter cream,1466
acidifiant e,1465
hvetemel,1464
hartweizengrie,1460
pineapple juice concentrate,1456
caglio,1456
mustard seeds,1454
mikrobielles lab,1454
contains one or more of the following corn,1452
lecithins,1451
inuline,1449
organic lemon juice concentrate,1448
aroma natural,1448
organic cocoa butter,1445
ingwer,1444
dulcorants,1443
jarabe de glucosa y fructosa,1439
milkfat and nonfat milk,1437
jalapeno pepper,1436
almidn,1435
antioxidantes,1435
zeezout,1435
oligofructose,1434
ennutritionphototobeselected,1434
kale,1433
to prevent caking,1431
stevia extract,1430
amidon transform,1429
sage,1429
nutrition photo selected,1427
food acid,1424
cocamidopropyl betaine,1423
cream of tartar,1419
contains less than of salt,1414
lemon peel,1414
lemon juice from concentrate,1410
mulsifiant lcithine de tournesol,1408
zahr,1408
pumpkin,1407
cido ascrbico,1404
spice extracts,1404
bread crumbs,1404
butterfat,1399
organic onion powder,1392
disodium diphosphate,1391
ginger pure,1390
apple juice from concentrate,1388
stevia,1385
chia seeds,1384
basilikum,1380
harina de arroz,1380
glycrol,1378
spezie,1376
plantaardige olin,1375
pasteurized part skim milk,1374
eningredientstobecompleted,1374
fraise,1371
yogurt,1370
glifiant pectines,1369
calcium silicate,1368
beef stock,1368
strawberry puree,1367
sodium selenite,1366
enexpirationdatecompleted,1362
dcalcium pantothenate,1361
oleoresin paprika,1360
voedingszuur citroenzuur,1360
contains gluten,1358
maize flour,1358
sesam,1357
dried parsley,1354
plantaardige olie,1351
eningredientsphototobeselected,1350
chlorure de potassium,1349
mozzarella,1345
organic garlic powder,1344
emulgator mono und diglyceride von speisefettsuren,1344
glatine de porc,1344
a b vitamin,1342
gerstenmalz,1342
flour treatment agent,1341
diphosphate disodique,1340
steviol glycosides,1339
konservierungsstoff,1339
latte scremato in polvere,1338
cider vinegar,1338
grape juice concentrate,1337
organic tapioca syrup,1337
sucre caramlis,1337
vitamina b,1336
apfel,1336
vinaigre de vin blanc,1336
farine de bl malt,1335
a milk derivative,1335
gasificantes,1333
lievito,1332
edulcorantes,1332
beeswax,1331
peppers,1331
spice extract,1330
celery powder,1329
chalotes,1329
contient gluten,1328
natriumcitrate,1326
glazing agent,1326
potassium phosphate,1325
ester gum,1325
emmental,1325
nonfat milk powder,1324
dulcorant,1323
pectina,1323
isomalt,1323
emulsifier lecithins,1322
dried whey,1320
kakaopulver,1319
invertase,1319
ble,1318
green onion,1318
espesante,1317
cacaomassa,1316
apple juice,1314
packaging to be completed,1314
tartrazine,1311
clove,1310
tarwegluten,1309
pasteurized cows milk,1309
noix de cajou,1306
amidon de mas modifi,1305
antioxydants,1301
antioxydant rythorbate de sodium,1298
aromaty,1297
protines de soja,1295
poitrine de porc,1295
lactase,1294
powdered sugar,1294
sodium aluminum sulfate,1291
safflower oil,1290
fennel,1290
sucres,1282
roasted garlic,1282
karotte,1278
olio di girasole,1278
goma guar,1277
farine de seigle,1277
knoblauchpulver,1275
rohrzucker,1274
worcestershire sauce,1273
avoine,1272
matire grasse vgtale,1272
isolated soy protein,1272
graisse de canard,1272
burro,1270
vitamin b riboflavin,1270
cows milk,1269
milk proteins,1268
magere melkpoeder,1267
hibiscus,1266
rohrohrzucker,1265
vitamina c,1263
sitronsyre,1263
soya flour,1262
monterey jack cheese,1262
carotenes,1261
ksereikulturen,1261
potato flakes,1260
beef fat,1259
poudre de lait,1258
white distilled vinegar,1255
conservadores,1255
mono et diglycrides dacides gras,1254
curry,1254
poivrons,1251
poulet,1251
poivron rouge,1250
disodium edta,1250
vinagre,1248
firming agent,1247
aromat,1243
distilled white vinegar,1242
gomme de guar,1240
paprika oleoresin,1237
almond,1235
medium chain triglycerides,1232
mulsifiant e,1229
pistachios,1229
benzyl alcohol,1228
sodium bisulfite,1225
poppy seeds,1225
aceite de oliva,1225
celery seed,1222
turkey,1222
gomme arabique,1221
carbonates dammonium,1220
przyprawy,1220
masse de cacao,1218
farine de soja,1217
distilled monoglycerides,1217
whole grain oat flour,1217
sweet potato,1216
as a preservative,1216
fruit and vegetable juice,1215
sucre inverti,1213
wortel,1213
vitaminas,1211
framboise,1210
whole grain wheat flour,1210
milchsure,1209
amylase,1208
turkey breast,1208
lcysteine,1208
smoke flavoring,1205
organic vanilla extract,1205
mannitol,1204
vegetables,1203
poireaux,1203
natural vanilla extract,1202
maszetmeel,1201
weipoeder,1201
gember,1199
anchovies,1198
manganese sulfate,1197
sodium metabisulphite,1196
raspberry,1195
farine,1195
packaging code to be completed,1192
chives,1191
soybean lecithin,1190
carbon dioxide,1190
soya lecithins,1190
beurre ptissier,1190
durum flour,1187
girasol,1184
coloring,1183
calcium stearate,1182
balsamic vinegar,1181
cucumber,1180
tahini,1180
rapsolja,1180
koolzaadolie,1178
extract,1177
organic brown rice syrup,1176
packaging code completed,1176
sojalecithine,1172
cacao en polvo,1168
correcteurs dacidit,1167
raisins secs,1163
trisodium phosphate,1163
uova,1163
grain vinegar,1163
champignons,1162
fargestoff,1160
houblon,1160
knoflookpoeder,1160
foie gras de canard,1160
wine vinegar,1159
polyglycerol esters of fatty acids,1157
sojalecithin,1156
vitamine b,1155
tkezsi s,1155
conservateur e,1155
zanahoria,1154
andor sunflower oil,1154
partially hydrogenated palm kernel oil,1152
armagnac,1149
potassium carbonate,1147
dextrose de bl,1147
curcumine,1146
hvitlk,1144
citronellol,1144
enquantitytobecompleted,1144
banana,1143
flavour enhancers,1143
leche entera en polvo,1143
natrliches mineralwasser,1142
sodium molybdate,1141
potassium sorbate and sodium benzoate,1141
flaxseed,1140
skimmed milk,1139
rye,1138
milk chocolate sugar,1136
iii,1135
amido di mais,1134
acids,1134
peterselie,1133
palmitate,1132
sel iod,1131
weizengluten,1130
wrze,1129
enriched wheat flour flour,1126
rhum,1126
vitamina a,1125
witte peper,1124
coconut cream,1123
anthocyanins,1123
crust,1120
jus de citron base de concentr,1120
colorantes,1117
kartoffeln,1117
beet powder,1116
organic black pepper,1115
extrait dpices,1114
organic coconut oil,1111
protine de lait,1111
white chocolate,1109
to retain moisture,1109
vinegar powder,1109
sauce soja,1108
emulsifier soya lecithin,1105
lait crm rhydrat,1103
pantothensure,1102
konserveringsmedel,1102
maismehl,1101
creme,1101
to promote color retention,1100
coagulant,1099
pgpr,1098
fractionated palm kernel oil,1096
organic extra virgin olive oil,1095
tocopheryl acetate,1095
sojabohnen,1091
glucosefructosestroop,1091
encategoriestobecompleted,1090
green tea,1089
dehydrated vegetables,1089
vitamin b thiamin mononitrate,1086
stabilisator diphosphate,1083
cornichons,1083
reis,1082
blackcurrant,1082
banana puree,1081
toppercentscans,1080
pectines,1078
soy oil,1078
partially hydrogenated vegetable oil,1078
pure de tomates,1077
feuchthaltemittel,1077
lime,1076
tarwezetmeel,1076
wheat protein,1075
cheddar cheese pasteurized milk,1075
amidons,1075
aardappel,1073
peanut flour,1072
lupin,1072
organic onions,1071
acide pantothnique,1070
chromium chloride,1070
cheese powder,1068
natural butter flavor,1068
liquid sugar,1068
poivrons rouges,1067
sulfur dioxide,1066
ground black pepper,1065
fermentos lcticos,1065
natriumhydrogencarbonat,1065
stearic acid,1063
peppermint oil,1063
natrliches vanillearoma,1062
sodium laureth sulfate,1062
tetrasodium pyrophosphate,1057
emulgentes,1057
farina di riso,1056
blanc doeuf,1056
sciroppo di glucosiofruttosio,1056
volle melkpoeder,1055
packaging completed,1054
zinc sulfate,1053
silica,1053
cetearyl alcohol,1052
ricotta cheese,1052
petits pois,1051
raapzaad,1047
seigle,1046
biotine,1045
nicotinamide,1042
bifidus,1042
dried onions,1041
gluten de trigo,1041
soybean andor canola oil,1041
eigelb,1041
dimethicone,1040
microbial enzymes,1040
cire de carnauba,1040
potassium,1038
organic tomato paste,1038
surhetsreglerande medel,1038
organic soybeans,1037
chicken breast with rib meat,1037
flocons davoine,1036
contient sulfites,1035
lait demicrm,1035
fenouil,1033
sodium,1032
less than of salt,1031
graines de tournesol,1031
sureregulator natriumacetate,1030
pineapple juice,1030
streptococcus thermophilus,1030
buttermilk solids,1029
organic whole wheat flour,1029
blueberry,1028
for tartness,1028
flax seeds,1028
gejodeerd zout,1028
allspice,1027
cultured cream,1027
bleached enriched wheat flour,1027
carragenina,1025
maltitol syrup,1023
chickpea flour,1023
poudre de lactosrum,1021
aglio,1020
sal marina,1017
aroma naturale,1017
fatreduced cocoa powder,1017
paprikaextrakt,1017
dijon mustard,1016
rice syrup,1015
sodium citrates,1015
corrector de acidez,1015
organic vinegar,1015
trigo,1014
mangue,1014
backtriebmittel natriumcarbonate,1013
potassium iodate,1013
zitronensaft,1013
organic guar gum,1011
sol,1011
poivron,1010
vitamin e acetate,1010
nonfat milk solids,1009
erdnssen,1007
hopfen,1007
pektin,1005
carmine,1004
farina di grano tenero tipo quot,1004
sodium hydrogen carbonate,1003
modified wheat starch,1000
smoke flavor,1000
chocolat noir,999
dry whole milk,999
stabilisant glycrol,998
poudre doignon,998
uienpoeder,998
icing sugar,997
sultanas,997
protines de pois,996
raisin,994
chocolat,994
natriumascorbat,991
bananas,991
see ingredients in bold,990
lemongrass,989
dried skimmed milk,988
mosterd,987
poudre de cacao maigre,987
radish,985
hexyl cinnamal,984
zucchini,984
fenugreek,983
levure dsactive,983
preservative potassium sorbate,982
fibre de bl,981
cultured nonfat milk,981
pices et aromates,981
zwarte peper,981
artificial and natural flavors,980
clou de girofle,979
lauch,979
vand,977
pommes,976
agaragar,976
magnesium chloride,974
green bell peppers,973
desiccated coconut,973
kosher salt,972
fdc blue,972
mineral oil,971
potassium sorbate preservative,970
hydrogenated palm oil,970
dextrine,969
lait pasteuris,969
viande de poulet,969
eier,969
fcule,968
ail dshydrat,967
modified palm oil,966
mango puree,966
farine de bl tendre,965
orange juice,965
kosher gelatin,965
turkey broth,963
dried cane syrup,962
melkeiwit,959
maltodekstrin,958
farinha de trigo,958
lactosa,957
courgettes,955
kiwi,955
vitamine,953
glifiant carraghnanes,953
lipase,952
mleko,952
palm kernel and palm oil,951
pear juice concentrate,951
carthame,950
organic tapioca starch,949
cacao desgrasado en polvo,949
natural vanilla flavouring,948
cocoa powder processed with alkali,948
cuajo,948
organic cinnamon,947
zitrone,947
cheddar cheese milk,947
levure boulangre,947
chili peppers,947
arme vanille,946
iodure de potassium,945
plain caramel,945
spring water,944
natriumnitrit,944
for freshness,943
thiamine mononitrate vitamin b,943
ginger powder,943
horseradish,943
microbial enzyme,942
and salt,942
huile de soja,941
aus milch,939
leche en polvo,938
whey solids,938
verdickungsmittel xanthan,937
organic onion,936
grape,934
canola andor sunflower oil,934
hydrogenated soybean oil,934
rijsmiddel,934
olive,933
defatted soy flour,931
salted butter,931
avocado oil,931
ethyl alcohol,930
green tea extract,929
whole egg,929
white rice flour,929
tomatenpulver,929
exhausteur de got,928
sirop de sucre caramlis,925
lecitina de girasol,925
organic soy lecithin,925
red onion,924
dextrose de mas,923
preserves freshness,923
magnesium,922
antioksidant,922
poudre dail,922
benzoato de sodio,921
contains wheat,920
green peas,919
farbstoffe,919
geraniol,918
partskim milk,918
banane,917
agenti lievitanti,917
minerals,917
sonnenblumenkerne,915
crisp rice,915
ascorbate de sodium,915
aspartam,914
schwarzer pfeffer,914
enriched flour bleached,913
evaporated cane juice,913
noix de muscade,913
emulsionantes,913
cornmeal,912
organic tomato puree,910
enpackagingphotoselected,910
avocado,908
almond butter,907
an artificial flavor,907
mulsifiant lcithines de soja,906
as preservatives,905
vollmilch,905
noisette,904
partially defatted peanut flour,904
wine,903
rice bran oil,903
dekstrose,902
organic apple juice concentrate,902
flavor enhancer,902
contient des sulfites,901
levain,900
breadcrumbs,899
dried yeast,899
zinc gluconate,898
artificial flavour,898
fibres vgtales,897
salvia hispanica,896
sodium acetate,896
starter culture,895
vitamin a acetate,894
organic lemon juice,893
polyglycerol polyricinoleate,893
vitamine d,892
entrahmte milch,892
calcium citrate,890
roggenmehl,890
peper,890
enoriginscompleted,890
kaneel,889
or canola oil,888
gewrzextrakt,888
almidn modificado de maz,888
modifizierte maisstrke,888
ginger puree,887
nootmuskaat,887
malt syrup,886
green bell pepper,885
azcares aadidos,884
extracto de levadura,882
emulsifiant,882
unbleached enriched wheat flour,880
organic tomatoes,879
apricots,878
lard,878
hydrogenated coconut oil,877
canola andor soybean oil,877
riboflavin and folic acid,877
kaliumiodat,877
turmeric powder,876
semola di grano duro,876
herbes de provence,876
vitamina d,875
kj kcal,875
sardines,875
eii,875
menthol,874
agent denrobage,874
amande,872
tomatenpuree,870
courgette,868
soy sauce water,868
blanc duf,868
raapolie,867
lactoserum en poudre,867
crushed tomatoes,867
rosmarin,867
condensed milk,866
aromes,865
senfsaaten,865
citrato de sodio,864
ensugarsinlowquantity,864
cipolla,863
milk ingredients,863
trisodium citrate,862
fromages,862
reifekulturen,862
chocolat au lait,860
ricotta,859
kryddor,858
colorant extrait de paprika,857
jus de tomate,857
contains sulfites,857
panthenol,857
saumon atlantique,857
iodised salt,856
pasta,855
organic almonds,855
arom,855
magnesium phosphate,854
graham flour,854
pork fat,854
emulgeringsmedel,854
enphotosvalidated,854
radis,853
caramelised sugar syrup,853
papaya,852
triphosphates,852
seed oil,852
selderij,852
folsure,851
aceite de oliva virgen extra,851
oat bran,850
seaweed,849
herbes,849
fortykningsmiddel,848
olivenl,848
son de bl,848
graines de soja,848
koffein,848
cumin powder,847
arroz,847
citronsyra,847
porc,846
foie de porc,844
soy sauce powder,843
whey protein,842
powder,842
eddik,842
dried glucose syrup,841
palmolie,841
alum,839
enthlt milch,839
organic carrots,839
naturlig aroma,838
avena,838
ensaturatedfatinlowquantity,838
paprikapulver,837
schnittlauch,837
spirulina extract,836
carbonato acido di sodio,836
sodium nitrate,836
yeast extract powder,836
vanilleextrakt,836
amidon de ble,835
amido,835
potassium bicarbonate,834
semisweet chocolate,834
carotin,834
ferrous fumarate,833
pears,833
golden syrup,833
nutriscore,833
pistaches,832
raap,832
suero de leche en polvo,830
vegetable gum,830
sedano,829
melasse,826
italie,826
nata,825
natural,825
chlorure de calcium,825
sorbit,825
agent de traitement de la farine,825
sulphur dioxide,823
dried whole milk,823
propylene glycol alginate,823
marjoram,823
organic soybean oil,822
diced tomatoes in tomato juice,822
cocoa solids,822
mantequilla,822
palmvet,821
matire grasse laitire anhydre,820
colorant carotnodes,819
folate,819
mineral salt,819
siero di latte in polvere,819
conservantes,818
organic corn starch,817
made from corn,815
colorant caramel ordinaire,814
caprylyl glycol,814
aromit,813
tomato sauce,812
acidulante cido ctrico,812
ennutritionfactstobecompleted,812
glutamate monosodique,811
chicken meat,808
agent de traitement de la farine acide ascorbique,808
spinach powder,807
lievito di birra,806
organic apple cider vinegar,805
oat flakes,805
leche descremada en polvo,805
colour paprika extract,804
fresh garlic,804
aceite de girasol alto oleico,804
minraux,804
petitlait en poudre,804
fermenti lattici,802
maz,802
vegetable oil shortening,801
matire grasse de lait anhydre,801
fenugrec,800
glucosa,799
black tea,799
fraises,798
raspberry puree,798
aromatizante,797
calcium peroxide,796
steinsalz,796
lutein,795
glucosesirup,794
huiles et graisses vgtales,794
mlasse,793
arme naturel de citron,793
magermilch,793
sirop de glucose dshydrat,793
brazil nuts,792
coconut sugar,791
natuurazijn,791
kokosl,790
gjr,789
ocet spirytusowy,789
celeri,789
citrates de sodium,789
durum wheat flour,788
ensalt,788
thymian,787
enthlt soja,786
fruits,786
ground cinnamon,786
pektine,786
topcountryfrscans,786
acacia,785
sahnepulver,785
beetroot red,783
paprikapoeder,783
mka pszenna,782
rijstebloem,782
emulsificante,781
granulated onion,780
monopotassium phosphate,780
ennonvegan,780
andor canola oil,779
pure dail,779
natriumacetate,778
organic natural flavor,777
green peppers,777
organic canola oil,777
hydrolyzed vegetable protein,777
cranberry,776
enaddedsugar,776
organic dried cane syrup,775
cherry,774
vinagre de vino,774
ethylhexylglycerin,772
acsulfamek,771
guar,771
acidulant,771
carotnodes,771
gurken,770
manteiga de cacau,769
leo de girassol,769
dlevage au sol,769
sweet potatoes,768
glutamato monosdico,767
calciumcarbonat,766
modified cellulose,766
organic palm oil,766
emulgator sojalecithine,766
natives olivenl extra,766
acidifiant acide lactique,765
beef extract,765
mustard powder,765
schalenfrchten,764
to retain freshness,764
epices,763
autolyzed yeast,763
marjolaine,763
hops,763
dried apples,762
wheat flour wheat flour,762
invert syrup,761
coagulant microbien,759
pepperoni,759
stabiliseringsmedel,759
couenne de porc,759
schwarze johannisbeere,758
vitamin a palmitate added,757
semoule de ble dur,757
sodium benzoate preservative,756
correttore di acidit acido citrico,756
organic rice flour,756
hazelnut,756
emulsifier soy lecithin,755
leek,754
enriched with niacin,754
wholemeal wheat flour,753
zitronensaft aus zitronensaftkonzentrat,753
amidon transform de pomme de terre,752
palm and palm kernel oil,752
prsure animale,751
pear,750
aromes naturels,750
polyphosphates,750
lactobacillus acidophilus,749
arme naturel de poivre,747
inulina,747
nitritpkelsalz,747
rgulateur dacidit,746
copper gluconate,745
strawberry juice concentrate,745
vollei,745
farine de malt dorge,744
hydrogenated cottonseed oil,743
matires grasses vgtales,743
pinto beans,742
stabilisant carraghnanes,742
pea protein isolate,741
semisweet chocolate chips,741
apple puree,741
agua carbonatada,741
cane molasses,739
oignon dshydrat,738
cebula,738
ufs frais,737
cognac,737
mollusque,736
psyllium,735
organic cream,735
organic coconut sugar,735
carbonate acide dammonium,735
buchenholzrauch,735
ground ginger,734
emulsionante lecitina di soia,734
sorbato potsico,734
carbonato de calcio,733
paniermehl,733
red cabbage,733
huile de noix de coco,733
shallot,733
beets,732
flocons de pomme de terre,732
blue cheese,732
amido di frumento,731
bouillon de lgumes,731
senape,731
kwas cytrynowy,731
chicory root extract,730
acidificante acido citrico,730
malted wheat flour,729
pflanzliches fett,729
calcium dpantothenate,728
mint,728
glyceryl stearate,727
ergocalciferol,727
soya beans,726
whole oat flour,726
antioxidant ascorbic acid,725
aromates,725
abricot,724
coumarin,723
whole grain brown rice flour,723
organic,723
senfsaat,723
menthe,722
red chilli,722
and folic acid,722
reduced fat milk,722
huile dolive vierge,722
solsikkeolje,721
caf,721
carbomer,719
palmkern,719
gjrekstrakt,718
lecitinas,718
from corn,718
ground cumin,718
contains sulphites,718
arome naturel,717
mosterdzaad,717
nutrition photo to be selected,717
organic turmeric,716
cultured skim milk,716
natural hickory smoke flavor,716
bay leaf,716
high oleic canola oil,715
dried blueberries,715
bakkersgist,715
vitamine e,714
organic coconut,714
granulated sugar,714
organic rolled oats,714
cashew nuts,713
aromaer,713
buckwheat,712
leite,712
paprika powder,712
cranberry juice concentrate,712
turbinado sugar,711
herbes aromatiques,710
cacahutes,708
ascorbyl palmitate,708
carrot juice concentrate,708
blanc doeuf en poudre,707
sucre glace,707
romaine lettuce,707
glifiant pectine,707
plantbased foods,706
demerara sugar,705
modified whey,705
reisstrke,705
syre,705
himalayan pink salt,704
proteine del latte,703
bleached enriched flour,703
cultured celery powder,702
saflor,702
pure de tomate,702
latte intero in polvere,701
haricots verts,701
syrop glukozowy,701
organic apples,700
macadamia nuts,700
encharacteristicscompleted,700
chocolate processed with alkali,699
organic molasses,699
cream powder,697
almendra,697
leaf,696
dry roasted peanuts,695
sulfate de zinc,695
bell peppers,694
apple puree concentrate,694
ascorbinezuur,693
allulose,692
jalapeno,692
benzoic acid,692
de fruits coque,692
olio di cocco,691
aceites vegetales,691
lcithines de soja,691
koolzaad,691
spiruline,690
interesterified soybean oil,690
ground coriander,690
concentrated orange juice,690
lcarnitine,690
fruits coques,690
tara gum,688
sesame seed,688
z mleka,688
vitlk,688
yeast nutrients,687
pasteurisierte kuhmilch,687
ingredients to be completed,687
cido lctico,686
framboises,685
orangenschalen,685
gerstemout,684
champignons de paris,683
gummi arabicum,683
rice bran,682
btacarotne,682
katsuwonus pelamis,682
carrot powder,681
microbial rennet,681
pommes de terre dshydrates,681
emulgointiaine,681
pasteuris,681
expiration date completed,681
benzoate de sodium,680
endisaccharide,680
citrus fiber,679
whey permeate,679
bulgur wheat,679
granola,679
pretzels,679
jus de pomme,678
gerste,678
muskatnuss,678
anis,677
dried potatoes,677
weinessig,676
pois chiches,676
sureregulatoren,676
crales contenant du gluten,676
lactobacillus bulgaricus,675
maltose,675
cardamome,675
ingredients photo to be selected,675
graisse de poulet,674
cido citrico,674
allura red,674
alginate de sodium,674
natriumbenzoat,674
vegetable broth,673
nocciole,672
tapioca maltodextrin,672
cultured pasteurized grade a nonfat milk,672
topfrscans,672
lodised salt,671
star anise,671
evaporated cane sugar,671
gordura vegetal,671
foelie,671
glicerina,670
roasted almonds,670
saborizante artificial,670
feta cheese,670
propyl gallate,670
crevettes,670
mace,669
amidons modifis,669
gerst,668
peach,667
provolone cheese,667
organic distilled vinegar,666
kokosolie,666
weizenmalzmehl,665
benzyl salicylate,665
girofle,665
harina de maz,664
beta carotene color,664
sale marino,664
sodium saccharin,664
yogurt powder,662
cpres,662
whole rolled oats,662
coriander powder,662
edible vegetable oil,662
brown sugar syrup,661
tamarind extract,661
mononitrate,660
azodicarbonamide,660
organic natural flavors,660
cornflakes,660
oeufs frais,659
crustac,659
frischkse,659
lait crm reconstitu,658
caramelised sugar,657
konservierungsstoff kaliumsorbat,657
vitamina e,656
piment de cayenne,656
amaranth,655
fruktose,655
filling,655
berzugsmittel,655
caramel colour,655
egg white powder,654
organic chia seeds,654
fermented wheat flour,654
aromas naturales,654
lettuce,654
maple sugar,653
feuchthaltemittel glycerin,653
speisegelatine,652
cultured wheat starch,652
saumon,652
frgmne,652
vinagre de alcohol,652
fruit juice,651
dried egg whites,651
fibres de bl,651
contains or less of the following salt,651
to retard spoilage,651
gomme base,651
lleucine,650
alkohol,650
happamuudenstaine,650
jus de tomates,650
tomaat,650
sucre roux,649
anhydrous milk fat,648
antioxydant e,648
vegetable gums,648
enplantbasedfoods,648
sirop de glucose de bl,647
zoetstof,647
capers,647
whole wheat,646
haferflocken,646
organic brown rice,645
wheat protein isolate,645
arachide,645
jalapenos,645
lait en poudre crm,645
gomme de xanthane,645
textured vegetable protein,644
acidifier,644
viande de buf,644
citroenzuur e,644
instant coffee,643
spice extractive,643
from concentrate,643
sureregulator citronensure,643
cashew,642
organic sunflower seeds,642
nutritional yeast,642
adipic acid,642
aneth,642
invertsuikerstroop,641
cetyl alcohol,641
artificial flavoring,641
room,641
macis,641
canela,641
en proportion variable,641
organic milk,640
pea starch,640
kakaosmr,640
girasole,640
gelificante,639
grapes,639
to protect color,639
citroensap,639
kokosnuss,638
tuszcz kakaowy,638
ammonium carbonates,637
lait concentr sucr,637
ham,637
jus dorange,637
contains one or more of the following canola oil,636
kreuzkmmel,636
pimentn,636
vinaigre de vin rouge,636
food starch,635
salvado de trigo,635
taurin,635
white rice,634
thon,634
sunflower kernels,634
degerminated yellow corn flour,634
amidon de pommes de terre,634
paississant carraghnanes,634
cayenne,633
erdnsse,632
onion extract,632
blackberries,632
estratto di malto dorzo,632
eau de source,632
epkov olej,632
organic basil,631
tapiokastrke,631
to maintain color,630
aronia,630
prei,630
l casei,629
ivvz,629
enriched unbleached flour,629
organic evaporated cane juice,628
potassium hydroxide,628
enriched macaroni product,628
lowmoisture partskim mozzarella cheese,628
rindfleisch,628
fructosa,627
coconut extract,627
chicken flavor,627
solrosolja,626
protease,625
pectins,625
yaourt,625
sunflower seed oil,624
erbsenprotein,624
mushroom,623
glucosefructose,623
carbonate de sodium,623
dried egg white,622
sojasauce,622
chilipeper,622
apfelsaftkonzentrat,621
capryliccapric triglyceride,620
seasoning blend,620
citric,620
huile de canola,619
almendras,619
joghurt,619
mulsifiant lcithines de tournesol,619
komijn,618
agave syrup,617
annatto extract color,617
pfel,617
vin,617
aceto di vino,617
olej sonecznikowy,617
sodium polyphosphate,616
skrobia modyfikowana,616
fromage blanc,615
single cream,615
white grape juice concentrate,614
organic spinach,613
concentr de jus de citron,613
kakao,613
organic pea protein,611
extractive of paprika,611
cherry juice concentrate,610
anthocyanes,610
organic celery,610
vinaigre de cidre,610
smoke flavouring,610
huile dolive extra vierge,609
titanium dioxide color,609
salmon,609
tomatpur,609
pate de cacao,609
cheddar,608
potassium nitrate,608
tartrazina,607
dehydrated red bell pepper,607
organic maltodextrin,606
vitamine a,605
contient du lait,605
green onions,605
galangal,605
darachides,605
humectant glycerol,605
gemodificeerd aardappelzetmeel,605
lemon juice powder,604
ketchup,604
food acids,604
kaliumchloride,604
suomi,604
sunflower seed,603
kaliumsorbaat,603
pasteurized whole milk,602
sulfite,602
ensugar,602
parmesan,601
cocoa paste,601
mandorle,600
vegetarisch stremsel,600
mandel,599
protines de bl,599
food starch modified,598
feuchthaltemittel sorbit,598
ethoxylated mono and diglycerides,598
lab,598
tofu,597
refined wheat flour,597
miazga kakaowa,597
maida,596
reduced lactose whey,596
cream milk,596
soybean andor sunflower seed,596
contains soy,596
anchois,596
pte de noisettes,596
vitamin k,595
as preservative,595
evaporated cane syrup,595
natural vanilla,595
lime oil,595
orange oil,595
pche,595
olives noires,595
serwatka w proszku,595
mulsifiants lcithines soja,595
concentrated apple juice,594
cido srbico,594
dekstroza,594
patata,594
ufs entiers,594
almond flour,593
organic locust bean gum,593
mold inhibitor,593
estabilizador,593
sel nitrit,593
extrait de romarin,592
dried potato,592
xanthaangom,592
carote,591
citronnelle,591
hibiskus,590
lcysteine hydrochloride,589
pimiento,589
sweet cream buttermilk,589
agaricus bisporus,589
extrait dpice,589
froment,589
atleastscans,589
pasteurised egg,588
geliermittel,588
pistazien,588
crales,587
kurkumin,586
enriched unbleached wheat flour,586
houblons,585
vanilla flavor,584
pasteurized cultured milk,584
shallots,583
blanc duf en poudre,583
enflavouring,583
graines de lin,582
whipping cream,582
sojabonen,582
regulator kwasowoci kwas cytrynowy,582
niet dierlijk,582
saborizante natural,581
crme en poudre,580
glukose,580
double cream,580
enthlt sellerie,580
humectante,580
amidon modifi de mais,579
beef broth,579
assaisonnement,579
silntaine,578
alpha tocopherol acetate,577
oat,577
anchovy,577
cherry powder,576
zitronensure,576
lodized salt,576
natural color,575
fractionated palm oil,575
sugar syrup,575
organic quinoa,575
organic ginger,574
mineral nutrients,574
grape juice,573
red wine,573
backtriebmittel diphosphate,573
nonfat dry milk solids,573
green pepper,572
enproductnametobecompleted,572
quantity to be completed,572
weier pfeffer,570
glukossirap,570
slnite de sodium,569
bicarbonato de amonio,569
lait de vache,569
chocolat blanc,569
arme naturel dorange,569
olio di oliva,568
alho,568
flavor enhancers,566
choline chloride,566
crme pasteurise,566
plante aromatique,566
dlalphatocopheryl acetate,565
coconut water,565
carnaubawachs,564
enwater,564
acsulfame k,563
bay leaves,563
lait cru de vache,563
atleastfrscans,563
fcule de pommes de terre,562
coconut fat,562
vin rouge,562
exhausteurs de got,562
topscans,562
protine de bl,561
alkalized cocoa,560
semoule de mas,560
viande bovine,560
porto,560
penin mouka,560
kmmel,560
tomate en poudre,559
condensed skim milk,559
erdbeeren,559
www,558
plasma de porc,558
casein,557
emulsifier mono and diglycerides of fatty acids,557
estragon,557
soybean and palm oil,557
malted barley extract,556
viande de dinde,556
farina di grano tenero,556
root,555
sweet cream,555
turmeric oleoresin,555
organic paprika,555
bell pepper,555
zoetstoffen,555
noix de pcan,554
mikrobieller labaustauschstoff,554
phylloquinone,553
soybean andor canola,553
graisse de coco,553
envegetable,553
miele,552
fettarmer kakao,552
acetylated monoglycerides,552
cumin seeds,551
glycrine,551
sulfitos,551
carne di suino,551
acesulfamek,550
gram flour,550
sodium stearoyllactylate,550
edta,550
cacao magro in polvere,549
tripotassium phosphate,549
tetrasodium edta,549
prezzemolo,549
inc,548
graine de moutarde,548
chipotle peppers,548
cebola,548
wheat germ,547
farina di mais,547
aceite de palma,547
hydrolyzed corn gluten,547
contient bl,547
mausteet,547
crme de lait,547
pistachio,546
and vanilla,546
dlalpha tocopheryl acetate,545
estratto di lievito,545
pulpe dail,545
categories to be completed,545
pinards,544
antioxidationsmedel,544
corante,544
lisoleucine,543
pasta de cacau,543
rijsmiddelen,543
enthlt senf,543
sirop de sucre,542
glifiant pectine de fruits,542
dried oregano,542
textured soy flour,542
almondmilk,542
kleurstoffen,542
tbhq and citric acid,542
brilliant blue fcf,542
backtriebmittel natriumhydrogencarbonat,542
flax seed,541
fromage frais,541
gerstenmalzmehl,541
piment fort,541
antioxidant sodium ascorbate,540
apfelsure,540
levures,540
glansmiddel,540
eau de cuisson,540
amido modificado,540
raucharoma,539
chipotle pepper,539
filet de poulet,539
ammoniumcarbonate,538
white meat chicken,538
saindoux,538
emulsifier sunflower lecithin,538
pasteurized cultured milk and cream,538
sorghum flour,538
lait cru,538
wheat flakes,537
asiago cheese,537
tuna,537
glazing agents,537
tomat,536
carne de cerdo,536
sorbitan tristearate,535
appel,535
conserveermiddel e,535
sodium lauryl sulfate,534
beans,534
magnesium sulfate,533
jodsalz,533
wheat fibre,533
mineral salts,533
protines du lait,533
gepasteuriseerde melk,533
molasses powder,532
fume,532
rettich,532
curry powder,531
maltodextrin made from corn,531
cassonade,531
glukoza,531
phosphate de calcium,531
dbiotin,530
carbonati di sodio,530
pescado,530
organic brown rice flour,530
dont sulfites,530
poudre lever carbonates de sodium,530
abricots,529
zahar,529
lemon juice solids,528
piments,528
sucre de canne brut,528
raisin juice concentrate,527
amido modificato,526
carvi,526
conservateur propionate de calcium,526
cocoa liquor,526
vri,526
vinaigre de table,526
especiarias,526
mostaza,525
preservative sodium nitrite,525
lait crm pasteuris,525
organic kale,525
bicarbonate dammonium,525
sucre de canne roux,525
dont bl,525
dehydrated potatoes,524
natural colours,524
lvaline,523
rice protein,523
black olives,523
lentils,523
conservateur nitrate de potassium,523
aromer,523
syra,523
enriched pasta,522
cultured whey,522
cracked wheat,521
sunflower andor canola oil,521
lait de coco,521
en poudre,520
alphaisomethyl ionone,520
os de porc,520
leche pasteurizada de vaca,520
frutta a guscio,520
caramel ordinaire,519
partially inverted sugar syrup,518
malt de bl,518
orange juice from concentrate,518
humectants,518
glycerol ester of rosin,518
natamycin a natural mold inhibitor,518
evaporated milk,518
citrus fibre,518
perejil,517
parsley flakes,517
lactoserum,517
fibra vegetal,517
crustacean,516
electrolyte,516
poudre de tomate,516
gomme de cellulose,516
com,515
calcium stearoyl lactylate,515
mjlk,515
rebaudioside a,514
emulgatoren mono und diglyceride von speisefettsuren,514
piment doux,514
organic raisins,514
oeufs entiers,514
zucchero di canna,514
suerungsmittel milchsure,514
hydrated silica,513
hydroxypropyl methylcellulose,513
whole milk solids,513
czosnek,513
gewrz,513
gemodificeerd maiszetmeel,513
choline bitartrate,512
melkzuur,512
black pepper extract,511
chicory root fibre,511
magnesium citrate,511
extracto de malta,511
vegetable fiber,510
protine de soja,510
organic carrot,510
voedingszuren,510
extrait de malt,510
organic cocoa,509
lattosio,509
vegetable glycerine,509
acidificante,509
acide sorbique,509
citral,509
mechanically separated turkey,508
crushed red pepper,508
propylene glycol monoesters,507
natural sweetener,507
tarwemeel,507
rookaroma,507
olio extra vergine di oliva,506
aluminum sulfate,506
leche entera,506
gerstemoutextract,506
cloruro de calcio,505
schweiz,505
vegan,505
druvsocker,505
concentr de carotte,505
sweet whey powder,504
leinsamen,504
vitamin and mineral blend,504
mysepulver,503
cultured pasteurized skim milk,503
kartoffelflocken,503
chocolate liquor processed with alkali,502
beetroot,502
hot sauce,502
fecola di patate,502
molkenpulver,502
enoilandfat,502
envegan,502
magnsium,501
lglutamine,501
chlorure de sodium,501
suero de leche,501
beef gelatine,501
table salt,501
coriander leaf,500
carotene,500
cashewkerne,500
muskat,500
aliments dorigine vgtale,500
ajo en polvo,499
reb a,499
rocou,499
triticale,498
in varying proportions,498
espesantes,498
oranges,498
organic parsley,498
nitrate de potassium,498
jaja,498
pea fibre,497
with wheatflour,497
piment rouge,497
organic cane syrup,497
pepitas,497
emulgator lecytyny,497
acesulfaamk,497
ensugarsinhighquantity,497
sladkor,496
yogurt cultures,496
copper sulfate,496
corn starchmodified,496
frtjockningsmedel,496
cido mlico,495
glucono delta lactone,495
harina de trigo fortificada,495
suerungskulturen,495
rypsiljy,495
erbsen,494
alcool thylique,494
pain azyme,494
enmilk,494
cloruro de potasio,493
koji,493
cooked chicken,493
antioxidant e,493
cafine,493
vetemjl,493
boyau naturel de porc,492
sureregulator natriumcitrate,492
fermenti lattici vivi,492
dioxyde de carbone,491
natural and artificial flavour,491
cerise,491
salt and enzymes,490
natural vanilla flavour,490
agents denrobage,490
hop,490
matire grasse de palme,490
crme fraiche,489
cebolla en polvo,489
lactase enzyme,489
vit b,488
seeds,488
barley flakes,488
arabic gum,488
patate,488
farine davoine,487
garlic extract,487
aubergines,487
yellow onion,487
olio di palma,487
viande de boeuf,487
glukozni sirup,487
regulator kwasowoci,487
kaliumjodid,486
bicarbonate de soude,486
amido de milho,486
si ncessaire pour rguler lacidit,486
substances laitires modifies,485
fcula de patata,485
honey powder,484
hydrolysed vegetable protein,484
fruit extract,484
chicken breast meat with rib meat,484
ground spices,484
blueberry puree,484
vis,484
nigari,484
aroma naturale di vaniglia,483
ground turmeric,483
buf,483
geliermittel pektine,483
lait pasteuris de vache,482
basmati rice,482
cooked chickpeas,482
scharrelei,482
seasoning salt,481
amidon de froment,481
cracked black pepper,480
gorge de porc,480
liquide,480
butternut squash,479
brandy,479
sojamehl,479
theragra chalcogramma,479
magnesium carbonate,478
cianocobalamina,478
paississant gomme guar,478
cellulase,477
used to protect quality,477
poire,477
glifiants,477
sulfate de cuivre,476
malt flavor,476
green olives,476
glukzov sirup,476
cacao en pte,476
non fat dry milk,475
reguladores de acidez,475
corces dorange,474
vegetable oil blend,474
iron ferrous sulfate,474
lemon zest,474
methyl cellulose,474
enzimas,473
slunenicov olej,473
maisstivelse,472
glycol distearate,472
currants,472
kardamom,472
contient cleri,471
pfelsure,471
aroma natural de vainilla,471
and citric acid,471
garbanzo beans,471
raisin paste,471
semoule de riz,471
glycerol ester of wood rosin,470
organic agave syrup,470
pine nuts,470
cinnamon powder,470
ferment,470
gomme de caroube,469
baking soda andor calcium phosphate,469
gluten free oats,469
leavening agents,469
carotenos,469
sucre roux de canne,469
shea oil,468
swiss cheese,468
black carrot,468
kelp extract,468
acide actique,468
organic wheat gluten,467
calcium disodium edta preservative,467
disodium dihydrogen pyrophosphate,467
alcohol denat,467
acidulantes,467
carraghnane,467
brown rice protein,466
glycine,466
citrate de calcium,466
white mineral oil,466
cultured pasteurized nonfat milk,466
fructose syrup,466
flocons de pommes de terre,466
fortified wheat flour wheat flour,465
geschmacksverstrker,465
pimento,465
crcuma,465
poudres lever diphosphates et carbonates de sodium,465
citrate trisodique,465
amidon de pois,465
beurre fondu,465
konservierungsstoffe,464
iodate de potassium,464
ferrous sulfate iron,464
degermed yellow corn meal,464
milled corn,464
lait en poudre entier,464
cebada,464
lecithinen,464
basilicum,464
ferments lactiques et daffinage,464
cayennepeper,464
salz unjodiert,464
enspain france,464
semoule de bl,463
ferrous gluconate,463
coffee extract,463
usa,463
fves de soja,463
ltheanine,462
gadus morhua,462
majoran,462
pois,462
citrus pectin,461
gum blend,461
appelzuur,461
lcithine de soya,461
apple powder,461
estabilizadores,461
pflanzliches l,461
paneermeel,461
sarriette,461
sparkling water,460
apfelessig,460
sardina pilchardus,460
extrait naturel de vanille,460
olio di colza,459
concentrated grape must,459
sucrose acetate isobutyrate,459
natuurlijk vanillearoma,459
skummetmelkpulver,458
water chestnuts,458
organic maple syrup,458
eau filtre,458
acid citric,458
manzana,458
kardemom,458
ingrdients,457
lait crm concentr,457
jst,457
varkensvlees,457
vainillina,456
spring onion,456
pasteurized organic milk,456
karamell,456
pasteurisierte milch,456
acide tartrique,456
extrait de houblon,456
glatine bovine,456
contains one or more of the following canola,455
almidn de trigo,455
packaging photo selected,455
date paste,454
pure vanilla extract,454
amidon modifi de manioc,454
humectant glycrol,454
raw sugar,454
with tbhq for freshness,454
disodium inosinate and guanylate,454
aged cayenne red peppers,454
koolzuurhoudend water,454
allergy advice for allergens,454
aloe barbadensis leaf juice,453
yellow corn meal,453
beet,452
beet juice,452
uien,452
rapsiljy,452
verdickungsmittel johannisbrotkernmehl,452
hazelnut paste,451
sorbic acid preservative,451
margarine vgtale,451
vanilla beans,450
noix de coco rpe,450
weizenvollkornmehl,450
betterave rouge,450
emulgator e,450
organic sunflower lecithin,449
organic cashews,449
red pepper powder,449
vinaigre de riz,449
rijst,449
pte,448
palm olein,448
huile de ssame,448
amidon modifi de tapioca,448
red onions,447
fresh cucumbers,447
butyrospermum parkii,447
org,447
endairy,447
potetstivelse,446
cane syrup,446
ground white pepper,446
butteroil,446
controls acidity,446
radicchio,446
maiszetmeel,446
cassava flour,445
cultivos lcticos,445
ammoniumhydrogencarbonat,445
oignons dshydrats,445
origins completed,445
maltodekstryna,444
tomatenpoeder,444
crme liquide,444
xarope de glicose,444
jodioitu suola,444
white cheddar cheese,443
white sugar,443
sesame tahini,443
curcumina,443
protenas de la leche,443
hafer,443
guarpitmeel,443
double concentr de tomates,443
meelverbeteraar,443
oatmeal,442
natural spices,442
actates de sodium,442
jalapeo peppers,441
raspberry juice concentrate,441
green chiles,441
psyllium husk,441
phosphates de calcium,441
organic vanilla,440
organic potato starch,440
low moisture part skim mozzarella cheese,440
betterave,440
citrate de potassium,439
modifisert stivelse,439
dried tomato,439
tuz,439
condiment,439
apfelsaft,439
graisse vgtale de coprah,439
biotina,438
added to prevent caking,438
fish sauce,438
american cheese,438
schlagsahne,438
pimienta negra,438
weiweinessig,438
valkosipuli,438
ennutriscore,438
polidextrosa,437
carrageenan gum,437
grasa de palma,437
mono en diglyceriden van vetzuren,437
cocco,437
rijstmeel,437
farbstoff carotin,437
dried red bell pepper,436
orangensaft aus orangensaftkonzentrat,436
groente,436
envegetableoilandfat,436
mushroom powder,435
yeast powder,435
natriumcitrat,435
de graines de ssame,435
apio,435
part skim milk,435
extrait de noix de coco,435
coating,434
natural and artificial flavours,434
coconut milk powder,434
mineral,434
protine de pois,433
soro de leite em p,433
helianthus annuus,432
unbleached enriched wheat flour flour,432
farine de fves,432
nongmo canola oil,432
sirop de maltitol,432
acidifiants acide citrique,431
huile vgtale de tournesol,431
vitamins and minerals,430
tea,430
organic cocoa powder,430
toasted sesame oil,430
caramelized sugar,430
fosfato triclcico,430
italy,430
semoule de bl dur de qualit suprieure,430
maltodextrines,429
organic oregano,429
kse,429
eker,429
kruidnagel,429
karamel,429
myrtille,428
mature cheddar cheese,428
fisch,428
europe,428
protena de soja,428
grasas vegetales,428
aromatizantes,428
butter flavor,427
cido pantotnico,427
phytonadione,427
tijm,427
ensaturatedfatinhighquantity,427
photos validated,427
e a,426
hevemiddel,426
saborizantes,426
cheese sauce,426
ferric phosphate,426
ascorbinezuur e,426
vanilla powder,425
margarina,425
myrtilles,425
verdickungsmittel carrageen,425
sssmolkenpulver,425
natural lemon flavor,425
calcium acetate,425
propionate de calcium,425
sipuli,425
natural smoke flavoring,424
added to preserve freshness,424
organic strawberries,424
kalamata olives,424
aroma de humo,424
apricot,423
soybean oil andor canola oil,423
beurre laitier concentr,423
sunset yellow fcf,423
ground nutmeg,422
stremsel,422
fiber,422
leo vegetal,422
long grain rice,422
lgumes dshydrats,422
kleurstof carotenen,422
olives vertes,422
eau minrale naturelle,422
fresa,421
zitronenschalen,421
actate de sodium,421
dufs,421
oli vegetali,420
sweetcorn,420
organic chocolate liquor,420
processing aid,420
enthalten milch,420
organic dates,420
concentr,420
lowfat milk,419
ground beef,419
gelificante pectina,419
kochsalz jodiert,419
potassium bromate,418
whole grain corn,418
organic nonfat milk,418
organic pumpkin seeds,418
seasonings,418
organic high oleic sunflower oil,418
sakeuttamisaine,418
frbende lebensmittel,418
vegetabilsk olje,417
vegetable stock,417
organic oats,417
zuurteregelaar citroenzuur,417
magere cacaopoeder,417
soyalecitin,416
seler,416
sorbato de potssio,416
amido modificato di mais,416
pyridoxine hcl,415
rum,415
organic brown sugar,415
rind,415
contains celery,414
chia,414
degerminated yellow corn meal,414
culture bactrienne,414
monk fruit,414
skrobia ziemniaczana,414
panais,413
leeks,413
pasteurised egg yolk,413
emulgente lecitina de soja,413
melkeiwitten,413
ammonium hydrogen carbonate,412
antiossidante acido ascorbico,412
geliermittel pektin,412
conserveermiddelen,412
harina de trigo enriquecida,411
sodium silicoaluminate,411
enriched corn meal,411
herbs and spices,411
crustaceans,411
oignons en poudre,411
onion and garlic powder,411
natural and artificial flavoring,411
sirop de riz,411
soja et fruits coque,411
vegetable monoglycerides,410
source of iron,410
farine de fve,410
sel nitrit pour saumure,410
cloruro de sodio,409
glycosides de stviol,409
fruit de la passion,409
himbeeren,409
cocoglucoside,409
kruiden en specerijen,409
boter,409
rook,409
hypromellose,408
flour treatment agent ascorbic acid,408
acidifier citric acid,408
organic inulin,408
protines lactiques,408
encereal,408
farine de ble malt,407
oeuf entier,407
suerungsmittel essigsure,407
kokosnussl,407
backhefe,407
joghurt mild,407
kichererbsen,407
fosfato monoclcico,406
enriched wheat flour bleached,406
organic sesame seeds,406
fleur de sel,406
glutine di frumento,406
nutrition facts to be completed,406
panna,405
cipolle,405
raw cane sugar,405
cooked rice,405
mono y diglicridos de cidos grasos,405
organic apple puree,405
sweetened dried cranberries,405
cacau em p,405
citroen,405
lait partiellement crm,405
chlorhydrate de pyridoxine,404
fennel seed,404
onion juice concentrate,404
rice wine,404
in vernderlichen gewichtsanteilen,404
liquid whole egg,404
xantangummi,403
vodka,403
with added calcium,403
liebstckel,403
kuhinjska sol,403
ennaturalflavouring,403
kaliumchlorid,402
semi di sesamo,402
glukoosisiirappi,402
sulfate de manganse,401
cassia,401
saborizantes naturales,401
colored with,401
habanero peppers,401
organic evaporated cane sugar,401
corn grits,400
organic tomato juice,400
dry whey,400
carrot concentrate,400
fresh onions,400
levedura,400
koen,400
vehnjauho,400
gasificante,399
cheeses,399
spelt,399
trennmittel,399
vegetable mono and diglycerides,398
lecithine de soja,398
sorbic acid as a preservative,398
extrait de carotte,398
organic apple,398
essigsure,398
bifidobacterium lactis,397
rendered chicken fat,397
calcium disodium edta added to protect flavor,397
fdc red no,397
full cream milk powder,397
gelling agent pectin,397
pork gelatine,397
glicerol,397
lactate de calcium,397
black pepper powder,397
de moutarde,397
arme naturel de menthe,397
melbehandlingsmiddel,396
paississant e,396
ascorbic acid added as a dough conditioner,396
natursauerteig,396
potassium sorbate added to maintain freshness,396
ferric pyrophosphate,396
girassol,396
magere melk,396
lcithine,395
roggen,395
brominated vegetable oil,395
emulsificantes,395
bifidobacterium,395
senfkrner,395
fibres dagrumes,395
acido folico,394
kokosolje,394
cocos nucifera,394
patate douce,394
tomatillos,394
aubergine,394
sodium selenate,394
naturlig arom,394
hopfenextrakt,394
maisgrie,394
viande et gras de porc,394
chicken base,393
whey milk,393
source of zinc,393
sesame seed oil,393
dietary fiber,393
carmins,393
flte,392
dried cherries,392
hydrolyzed soy and corn protein,392
chou,392
rahm,392
champignon,392
lin,392
mulsifiant lcithine,391
reduced mineral whey powder,391
extrait de curcuma,391
condimente,391
modifisert maisstivelse,390
preserve freshness,390
grape juice from concentrate,390
lutine,390
stabilisant e,390
less than corn syrup,390
maltodextrine de mas,390
foie gras de canard du sudouest,390
chicken powder,389
vegetable,389
propionic acid,389
olio extravergine di oliva,389
skrobia,389
organic corn,389
palm andor canola oil,389
refined palm oil,389
potenciador del sabor,389
sel comestible,389
spinat,388
organo,388
phosphate,388
dairy product solids,388
organic cumin,388
edamame,388
cod,388
maltit,388
soj,387
lecitina di soia,387
turmeric color,387
guarana seed extract,387
organic oat fiber,387
calcium phosphates,387
penaeus vannamei,387
sonnenblumen,387
gedroogde glucosestroop,387
sorbitols,387
livche,387
kaliumsorbaat e,387
vinegar solids,386
red kidney beans,386
ripe olives,386
natural vitamin e,386
organic stevia leaf extract,386
huevos,385
dattes,385
organic flavor,385
includes blue lake,385
organic cilantro,385
palm fruit oil,385
rozemarijn,385
rismel,384
sweetcream buttermilk,384
elderberry juice concentrate,384
concentrated crushed tomatoes,384
butylene glycol,384
raising agents diphosphates,384
glten,384
barley malt flour,383
walnut,383
palm fruit,383
turkey breast meat,383
sitruunahappo,383
stningsmedel,383
levedantes,383
green dot,383
tarwemoutmeel,382
red quinoa,382
powdered cellulose to prevent caking,382
organic cornstarch,382
sheeps milk,382
sodium fluoride,382
made in france,382
pinard,381
blueberry juice concentrate,381
protein,381
potassium sorbate and calcium disodium edta,381
organic cranberries,381
cranberry juice,381
guanylate disodique,381
matire grasse du lait,381
reissirup,381
potato maltodextrin,380
microbieel stremsel,380
creamer,380
syrup,380
capsicum,380
annatto and turmeric,380
pasteurized sheeps milk,380
calcium iodate,380
enfruit,380
pomegranate juice concentrate,379
ammonium chloride,379
korianderzaad,379
mulsifiants mono et diglycrides dacides gras,379
farge,378
roasted red peppers,378
stabilisator triphosphate,378
extracto de malta de cebada,378
cellulose powder,377
minced garlic,377
mononitrato de tiamina,377
organic coconut milk,377
dried coconut,377
chilipulver,377
organic broccoli,377
jus de citron vert,377
peautre,377
prodn aroma,377
talc,376
colecalciferol,376
grapefruit,376
azcar de caa,376
light cream,376
guar hydroxypropyltrimonium chloride,376
soya protein,376
oligofruktose,376
palm oil shortening,375
amidon de mais modifi,375
annatto norbixin,375
pork stock,375
mirin,375
bakkerszout,374
durum semolina,374
leche desnatada,374
inosinate disodique,374
mandarine,374
uf entier,374
pure,373
laktase,373
th vert,373
yoghurt,373
jarabe de maz de alta fructosa,372
partially hydrogenated palm oil,372
organic oat flour,372
cooked chicken meat,372
sirop de mas,372
fibre de pois,372
bulking agent,371
matire grasse laitire,371
green chile peppers,371
fibres alimentaires,371
starterkulturen,371
linseed,371
fenchel,371
milchsurekulturen,371
fruit juice concentrate,370
contains barley,370
contains less than of the following salt,370
pecan,370
mascarpone,370
succo di limone,370
tierisches lab,370
cibule,370
organic olive oil,369
caramel aromatique,369
dry roasted almonds,369
white chicken meat,369
mulsifiants e,369
organic blueberries,369
contains or less of the following soybean oil,369
enriched bleached flour wheat flour,369
propionato de calcio,369
extrakt aus rosmarin,369
pure de pomme,369
sirop de fructose,368
prsure microbienne,368
caramelo,368
graines de pavot,368
sojabloem,367
buckwheat flour,367
barwnik,367
organic banana puree,367
bevat melk,367
affermissant chlorure de calcium,367
frumento,367
navets,367
concentrated butter,366
arome naturel de vanille,366
calcium disodium edta to protect flavor,366
marshmallows,366
saccharin,366
kakaomassa,366
stabilisant sorbitols,366
cooked pasta,365
vit c,365
arachidi,365
extractives of turmeric,365
fruit and vegetable juice for color,365
pure de mangue,365
gekaramelliseerde suiker,365
sojasaus,365
paprikaextract,365
stabilointiaine,365
vegetable mono diglycerides,364
beurre sal,364
ennuts,364
sodium carboxymethylcellulose,363
concentrate,363
soybean andor cottonseed oils,363
dimethylpolysiloxane,363
sureau,363
arme naturel de citron avec autres armes naturels,363
fettarme milch,363
stabilisator johannisbrotkernmehl,363
carbonate de magnsium,362
milcheiweiss,362
parmesan cheese pasteurized milk,362
apa,362
filberts,362
karragenan,362
rosinen,362
marchew,362
extrait de vin blanc,362
vainilla,362
xylanase,361
cheese blend,361
modified soy protein,361
caramel coloring,361
trehalose,361
colorante natural,361
schwein,361
vitaminer,361
frbendes lebensmittel,361
fines herbes,361
lactasa,361
mgkg,361
shiitake mushroom,360
rouge de betterave,360
potassium salt,360
spices and herbs,360
rbenzucker,360
kalium,360
druesukker,360
pollock,359
carragenanos,359
ground paprika,359
corn masa flour,359
organic peanuts,359
pineapple juice from concentrate,359
vitamin,359
exhausteur de got e,359
cukrus,359
sel fin,359
bevat tarwe,359
sprinkles,358
oignons frits,358
organic rosemary extract,358
sucre liquide,358
propanediol,358
chili pepper extract,358
carota,358
geleermiddel,358
drode,358
figues,357
lentil flour,357
guarkjernemel,357
white grape juice from concentrate,357
lemon pulp,357
selenium,357
fond de volaille,357
leche descremada,357
brown cane sugar,356
concombre,356
egg albumen,356
organic agave nectar,356
pasteurized eggs,356
gluconodeltalactone,356
fructooligosaccharides,356
mot de raisin,356
pistache,356
enwheat,356
elderberry,355
eisen,355
chick peas,355
sodium pyrophosphate,355
calcium sulphate,355
amidon de manioc,355
farine de mais,355
rietsuiker,355
sodium hyaluronate,354
sarrasin,354
bromelain,354
lime juice powder,354
arme naturel dail,354
organic soy flour,354
saborizante,354
cooked beef,354
ethanol,354
queso,354
stabilizator,354
enrootvegetable,354
dried vinegar,353
de gluten,353
soya bean,353
sale iodato,353
annatto vegetable color,353
vegetable fibre,353
potassium acetate,352
contains less than of natural flavor,352
ingredients,352
aspergillus oryzae,352
lupinen,352
kakaov hmota,352
farine de sarrasin,352
gulrot,352
pepe,352
carbonato cido de sodio,352
natriumascorbaat e,352
antioxidante cido ascrbico,352
asparagus,351
phosphate tricalcique,351
fruit coque,351
carbonatos de sodio,351
emulsionante lecitina di girasole,350
nelken,350
panax ginseng root extract,350
mehl,350
characteristics completed,350
organic expeller pressed canola oil,349
contains or less of sugar,349
dehydrated potato,349
triethyl citrate,349
reifungskulturen,349
weingeistessig,349
stivelse,349
huile de tournesol olique,349
chia seed,348
organic cheddar cheese,348
ingefr,348
diglycerides,348
malt vinegar,348
soybean and palm oil with tbhq for freshness,348
emulgator lecithinen,348
paississants gomme xanthane,348
pure de tomates double concentre,348
glyceryl monostearate,347
to protect taste,347
barley flour,347
orangensaftkonzentrat,347
riz basmati,347
stearyl alcohol,347
walnsse,347
antioxydant extrait de romarin,347
natriumcarbonaten,347
siero di latte,347
artificial butter flavor,346
gomme dacacia,346
anhydrous dextrose,346
clarified butter,346
vegetable juice concentrate,346
juice concentrate,346
peg hydrogenated castor oil,346
extrait riche en tocophrols,346
lemon puree,345
enzymes and annatto,345
sirop de glucose fructose,345
citromsav,345
natriumnitriet e,345
sugarglucosefructose,344
sulfiet,344
dehydrated onion and garlic,344
palmowy,344
himalayan salt,344
pure vanilla,344
avellanas,344
suerungsmittel zitronensure,344
oncorhynchus mykiss,344
dixido de silicio,343
smoked salt,343
shiitake mushrooms,343
jus de pomme concentr,343
soda,343
alaska pollock,343
pesce,343
vitaminen,343
rapsolie,343
enzymen,343
lecitina,342
vit,342
orzo,342
erythorbic acid,342
chilli flakes,342
organic white vinegar,342
organic mustard seed,342
textured soy protein,342
acidity regulator lactic acid,342
sucre de cannequot,342
apfelsaft aus apfelsaftkonzentrat,342
engluten,342
soya protein isolate,341
pea fiber,341
emulgator sojalecithin,341
mono,341
artichokes,341
slidos lcteos,341
sale da cucina,341
verdikkingsmiddelen,341
guma guar,341
dont cleri,340
monoand diglycerides of fatty acids,340
acesulfamo k,340
enflour,340
antiaglomerante,339
beet juice concentrate,339
diced peaches,339
dark brown sugar,339
antiossidante ascorbato di sodio,339
paississant pectines,339
enmonosaccharide,339
emulsionanti,338
verdickungsmittel pektine,338
including paprika,338
organic skim milk,338
riso,338
origine vgtale,338
volleipulver,337
du lait,337
see ingredients in bold also,337
sorghum,337
honing,337
betakaroten,337
bakpulver,337
espessante,337
peperoni,337
ene,337
agar agar,336
caraway seeds,336
allantoin,336
leavening agent,336
fat free milk,336
msg,336
doeufs,336
sare iodat,336
ginger root,335
kanel,335
flax,335
extrait de caf,335
sucre de canne blond,335
clous de girofle,335
acesulfamk,335
trace of lime,335
phosphate de sodium,335
red chili,335
salsa,335
penino brano,335
frise,335
textured soy protein concentrate,334
cyanocobalamine,334
milchprotein,334
ststoff,334
cultured partskim milk,334
cheddar cheese cultured milk,334
lobster,334
smoke,334
camellia sinensis,333
hvetegluten,333
wheatflour,333
cultured grade a non fat milk,333
mel,333
ins d,333
retinyl palmitate,332
pea flour,332
dried,332
quinoa flour,332
glucuronolactone,332
thunnus albacares,332
saborizantes artificiales,332
arme naturel de framboise,332
clupea harengus,332
oignons prfrits,332
sulfato de zinc,331
grano,331
passion fruit,331
soy lecithinan emulsifier,331
iron and zinc,331
poivre de cayenne,331
sherry wine,331
ssamo,331
golden raisins,331
non fat milk,331
polyphosphate,331
sirop dagave,331
fibre de bambou,331
huile de navette,331
graine de soja,331
surhedsregulerende middel,331
crema di latte,331
liquid smoke,330
difosfato disodico,330
tamari soy sauce,330
calcium propionate preservative,330
stabiliser xanthan gum,330
man,330
sesamzaad,330
correcteur dacidit citrates de sodium,330
suero lcteo en polvo,330
malto dorzo,330
noten,329
potassium carbonates,329
barley malt syrup,329
ijzer,329
schafsaitling,329
huile vgtale de colza,329
green cabbage,328
guarana extract,328
beta carotene for color,328
glyceryl oleate,328
tapiocazetmeel,328
kaliumcarbonate,328
antiklontermiddel,328
barley malt powder,327
contient moutarde,327
organic strawberry puree,327
carrot fiber,327
traube,327
sunflower andor safflower oil,327
regulador de la acidez,327
herbes et pices,327
zuurteregelaars,327
puerro,327
sodium sulfite,326
vanillin artificial flavor,326
dried vegetables,326
saccharomyces cerevisiae,326
pectine de fruits,326
jaunes doeufs,326
calcio,325
acidity regulators citric acid,325
organic stevia extract,325
carob bean,325
red chilli powder,325
green chilli,325
glutinous rice,325
preservative calcium propionate,325
harina integral de trigo,325
mageremelkpoeder,325
correcteur dacidit e,325
zinc citrate,324
antiagglomrant,324
fibre vgtale,324
chicken breast meat,324
hydrolyzed corn,324
mononatriumglutamat,324
arme artificiel,324
bleu brillant fcf,324
dextrza,324
boneless,323
nisin preparation,323
chocolate flavored coating,323
beef and pork,323
unbleached flour,323
carob gum,323
fruktosesirup,323
carrot juice,323
colour plain caramel,323
liquid glucose,323
leudante,323
vollemelkpoeder,323
low fat cocoa powder,322
guava,322
sweet whey,322
organic butter,322
coriander seed,322
black carrot juice concentrate,322
methylisothiazolinone,322
correctores de acidez,322
persilja,322
enacid,322
poudre lever carbonates dammonium,321
herb,321
betacarotin,321
soy bean oil,321
fdc yellow no,321
farinha de trigo enriquecida com ferro e cido flico,321
glifiant e,321
chromium,320
light brown sugar,320
farine de bl enrichie,320
leavening sodium acid pyrophosphate,320
essig,320
weikohl,320
poivres,320
potet,319
egg powder,319
peppermint,319
red chilli pure,319
yellow corn,319
dinde,319
organic peanut butter,319
sem glten,319
soy beans,319
paraffinum liquidum,319
